phi_1,phi_2
1.323665527908051,-0.5307973982632432
