alpha_1,alpha_0
0.1610434836695122,96.72932632872502
